{
  "train_loss": [
    6.610525815914839,
    6.510494329990485,
    6.392703423133264,
    6.237787148891351,
    6.054299745804224
  ],
  "train_acc": [
    0.004878048780487805,
    0.011382113821138212,
    0.02926829268292683,
    0.04390243902439024,
    0.05203252032520325
  ],
  "val_loss": [
    6.714930248260498,
    7.004065752029419,
    7.289332914352417,
    7.817264175415039,
    8.017722654342652
  ],
  "val_acc": [
    0.0,
    0.0,
    0.0,
    0.0,
    0.0
  ]
}