{
  "train_loss": [
    6.770660530437123
  ],
  "train_acc": [
    0.0
  ],
  "val_loss": [
    6.805843496322632
  ],
  "val_acc": [
    0.0
  ]
}