{
  "train_loss": [
    6.725918574210925,
    6.5783317027947845,
    6.435102988512088,
    6.274007968413524,
    6.106804566505628
  ],
  "train_acc": [
    0.0016260162601626016,
    0.0032520325203252032,
    0.0065040650406504065,
    0.03414634146341464,
    0.05365853658536585
  ],
  "val_loss": [
    6.742416572570801,
    7.016600179672241,
    7.448503208160401,
    8.04431881904602,
    8.420189380645752
  ],
  "val_acc": [
    0.0,
    0.0,
    0.006493506493506494,
    0.0,
    0.006493506493506494
  ]
}