{
  "train_loss": [
    6.71721861912654,
    6.540623004619892,
    6.3914492925008135,
    6.22159847846398,
    5.995793379270113
  ],
  "train_acc": [
    0.0016260162601626016,
    0.00975609756097561,
    0.016260162601626018,
    0.024390243902439025,
    0.06829268292682927
  ],
  "val_loss": [
    6.7245457649230955,
    6.998159790039063,
    7.491486406326294,
    8.106550407409667,
    8.38282389640808
  ],
  "val_acc": [
    0.0,
    0.0,
    0.0,
    0.0,
    0.0
  ]
}